VEH_BODY_STYL_ID,PRSN_ETHNICITY_ID,COUNT
BUS,BLACK,87
NA,WHITE,294
VAN,WHITE,2179
PICKUP,WHITE,18968
SPORT UTILITY VEHICLE,WHITE,15490
"PASSENGER CAR, 4-DOOR",WHITE,25345
FIRE TRUCK,WHITE,37
TRUCK,WHITE,1486
UNKNOWN,UNKNOWN,635
AMBULANCE,WHITE,48
POLICE CAR/TRUCK,WHITE,182
MOTORCYCLE,WHITE,494
YELLOW SCHOOL BUS,BLACK,53
POLICE MOTORCYCLE,WHITE,2
"PASSENGER CAR, 2-DOOR",WHITE,4711
TRUCK TRACTOR,WHITE,1299
FARM EQUIPMENT,WHITE,24
NEV-NEIGHBORHOOD ELECTRIC VEHICLE,WHITE,3
OTHER  (EXPLAIN IN NARRATIVE),WHITE,164
NOT REPORTED,WHITE,1
